-- MySQL dump 10.13  Distrib 8.0.26, for Win64 (x86_64)
--
-- Host: localhost    Database: vk
-- ------------------------------------------------------
-- Server version	8.0.26

/*!40101 SET @OLD_CHARACTER_SET_CLIENT=@@CHARACTER_SET_CLIENT */;
/*!40101 SET @OLD_CHARACTER_SET_RESULTS=@@CHARACTER_SET_RESULTS */;
/*!40101 SET @OLD_COLLATION_CONNECTION=@@COLLATION_CONNECTION */;
/*!50503 SET NAMES utf8mb4 */;
/*!40103 SET @OLD_TIME_ZONE=@@TIME_ZONE */;
/*!40103 SET TIME_ZONE='+00:00' */;
/*!40014 SET @OLD_UNIQUE_CHECKS=@@UNIQUE_CHECKS, UNIQUE_CHECKS=0 */;
/*!40014 SET @OLD_FOREIGN_KEY_CHECKS=@@FOREIGN_KEY_CHECKS, FOREIGN_KEY_CHECKS=0 */;
/*!40101 SET @OLD_SQL_MODE=@@SQL_MODE, SQL_MODE='NO_AUTO_VALUE_ON_ZERO' */;
/*!40111 SET @OLD_SQL_NOTES=@@SQL_NOTES, SQL_NOTES=0 */;

--
-- Table structure for table `communities`
--

DROP TABLE IF EXISTS `communities`;
/*!40101 SET @saved_cs_client     = @@character_set_client */;
/*!50503 SET character_set_client = utf8mb4 */;
CREATE TABLE `communities` (
  `id` bigint unsigned NOT NULL AUTO_INCREMENT,
  `name` varchar(145) NOT NULL,
  `description` varchar(255) DEFAULT NULL,
  `admin_id` bigint unsigned NOT NULL,
  UNIQUE KEY `id` (`id`),
  KEY `communities_name_idx` (`name`),
  KEY `fk_communities_admin_id` (`admin_id`),
  CONSTRAINT `fk_communities_admin_id` FOREIGN KEY (`admin_id`) REFERENCES `users` (`id`) ON DELETE CASCADE ON UPDATE CASCADE
) ENGINE=InnoDB AUTO_INCREMENT=31 DEFAULT CHARSET=utf8mb4 COLLATE=utf8mb4_0900_ai_ci;
/*!40101 SET character_set_client = @saved_cs_client */;

--
-- Dumping data for table `communities`
--

LOCK TABLES `communities` WRITE;
/*!40000 ALTER TABLE `communities` DISABLE KEYS */;
INSERT INTO `communities` VALUES (1,'Emmitt','In facere porro ab occaecati optio et ducimus. Iure ut dolores adipisci non corporis. Voluptas ullam dicta eum numquam quod quod.',1),(2,'Noe','Laboriosam ea veritatis quo vel consequatur et. Fuga in debitis neque ab temporibus voluptas accusamus. Velit voluptatibus occaecati aut sequi repellendus.',2),(3,'Electa','Illum magnam aliquid perferendis blanditiis tempore ducimus. Qui laborum rerum fuga dolore praesentium sed. Consequatur quo asperiores commodi. Voluptates cum nihil odio iusto occaecati aut quaerat.',7),(4,'Alec','Ipsum tempore ratione sit doloremque autem sint odit. Blanditiis reiciendis quia et veniam iusto ad voluptas. Qui fugiat consequatur omnis.',45),(5,'Jay','Similique maxime voluptatem et modi expedita. Ipsam amet quidem velit. Ad repellendus est qui sed exercitationem vel.',55),(6,'Lonnie','Sapiente velit et amet doloremque cum assumenda. Fugiat iure illo temporibus dolorem. Beatae non quaerat aut nobis excepturi quia cupiditate.',56),(7,'Daisy','Unde eum ducimus qui quia sint quia. Enim dolorem dignissimos libero unde eaque eius. Non eligendi est sint asperiores.',57),(8,'Modesta','Et consectetur repellendus quasi distinctio perspiciatis fugiat vitae quis. Veniam sunt sed nulla at tempora.',58),(9,'Leanna','Deleniti tempore quibusdam voluptatem atque sequi voluptas autem. Facere ut excepturi qui dolorum iure quae sunt.',59),(10,'Matilda','Quia ipsa fugit et saepe aut odit magnam. Et commodi praesentium et error porro animi error. Quae eaque non ut eveniet modi et eum.',60),(11,'Onie','Et fugit possimus velit laboriosam vitae ut omnis. Tenetur nemo delectus facilis voluptatem illo. Vel provident omnis ut repellat quia repellendus. Debitis soluta aut illum voluptas laborum et.',61),(12,'Vincent','In officiis occaecati facere sit vel. Et blanditiis et veniam saepe doloremque molestiae. Accusamus et ullam veniam et et qui modi doloremque. Dignissimos veritatis nulla consectetur sapiente laboriosam quo tenetur officia.',63),(13,'Barbara','Ab aperiam velit et sunt voluptatem deserunt inventore. Qui facilis alias voluptates quis. Quia ut accusamus excepturi natus ullam neque repellendus.',64),(14,'Leif','Sed laborum est eius. Ipsam itaque iste rerum vero et quisquam. Incidunt facere cum hic ut ea. Ipsam qui quo deleniti nostrum exercitationem error. Deleniti dicta ex tenetur atque porro qui.',65),(15,'Dereck','Natus accusantium qui veniam illum. Dicta impedit vitae qui ullam doloribus. Iusto asperiores non nihil quia aperiam nemo sint.',66),(16,'Mary','Incidunt sit sit id sit optio incidunt. Error saepe distinctio quo quisquam quia facere voluptas. Aut vel voluptatem et est dolorum occaecati. Incidunt non ut eveniet laborum. Modi impedit est dolorum et.',67),(17,'Jerry','Voluptatum et aut possimus fuga aut. Quam amet et excepturi et ipsam minus. Voluptas temporibus blanditiis velit hic voluptatum quae.',68),(18,'Lilly','Voluptas mollitia ea corrupti voluptas. Voluptatibus perferendis iusto autem qui. Reprehenderit esse porro sit in. Veritatis cupiditate non corrupti voluptas repellendus quibusdam aut et.',69),(19,'Deron','Quasi ea quaerat tempora dolores. Cupiditate cupiditate quam quia animi iste corporis minima. Beatae labore eum pariatur beatae. Odio autem harum aliquam voluptas.',70),(20,'Lavinia','Enim facere sed consectetur incidunt eveniet voluptatem. Quam voluptate unde in. Enim animi sunt cupiditate corrupti deserunt similique. Blanditiis labore dolores ex consectetur. Occaecati expedita reiciendis porro molestiae voluptatum eum nostrum natus.',71),(21,'Maxwell','Quibusdam optio laboriosam ipsum autem. Ullam eligendi nesciunt rerum dolorum sed repellendus quia repellendus. Qui itaque commodi consectetur itaque molestiae quia qui quisquam. Et et alias et aut voluptas quos.',73),(22,'Bertram','A optio in architecto exercitationem tenetur. Minima impedit est dolorem quia veniam eum optio. Aperiam non qui quis architecto. Voluptates cumque aut facere nemo.',74),(23,'Noah','Vel qui similique qui nobis. Perferendis dolor ut et odio. Ipsam laudantium dolor et porro rerum.',75),(24,'Lorena','Tenetur quam modi in velit id qui voluptatum. Neque voluptatem eius qui laborum explicabo ratione. Aspernatur voluptatem qui fugit excepturi rem. Molestiae rerum fugiat nihil labore beatae necessitatibus eius.',76),(25,'Giles','Vitae consequuntur nemo id adipisci sunt. Porro in quos itaque quis sequi aut rem. Occaecati reprehenderit et dolorum qui. Sit aut quibusdam a cumque et corporis aspernatur. Qui qui dolorem nemo sint aspernatur ratione.',77),(26,'Ollie','Et alias repudiandae fugiat voluptate consequatur. Vitae blanditiis veniam earum saepe doloribus tenetur non et. Non vel possimus et numquam. Voluptatem aut ducimus eos fuga.',78),(27,'Riley','Sint ab veritatis eius voluptate sit quisquam labore illum. Ullam voluptas inventore autem iste animi vitae. Et nostrum dolores nostrum sunt reiciendis iusto voluptatem. Maiores qui amet provident ipsum.',79),(28,'Madisyn','Et vel fugiat modi voluptas qui facilis quam. Est architecto corrupti consequatur eius vel.',80),(29,'Skye','Praesentium voluptates voluptas perspiciatis cupiditate tenetur quas provident enim. Laborum quos in harum et exercitationem. Voluptas officia omnis ipsum error earum.',81),(30,'Arjun','Reiciendis ipsam id iusto excepturi ducimus et saepe culpa. Fugiat est culpa est molestias error. Qui id amet delectus minus odio deserunt. Voluptate est et et et et.',82);
/*!40000 ALTER TABLE `communities` ENABLE KEYS */;
UNLOCK TABLES;

--
-- Table structure for table `communities_users`
--

DROP TABLE IF EXISTS `communities_users`;
/*!40101 SET @saved_cs_client     = @@character_set_client */;
/*!50503 SET character_set_client = utf8mb4 */;
CREATE TABLE `communities_users` (
  `community_id` bigint unsigned NOT NULL,
  `user_id` bigint unsigned NOT NULL,
  PRIMARY KEY (`community_id`,`user_id`),
  KEY `user_id` (`user_id`),
  CONSTRAINT `communities_users_ibfk_1` FOREIGN KEY (`community_id`) REFERENCES `communities` (`id`),
  CONSTRAINT `communities_users_ibfk_2` FOREIGN KEY (`user_id`) REFERENCES `users` (`id`)
) ENGINE=InnoDB DEFAULT CHARSET=utf8mb4 COLLATE=utf8mb4_0900_ai_ci;
/*!40101 SET character_set_client = @saved_cs_client */;

--
-- Dumping data for table `communities_users`
--

LOCK TABLES `communities_users` WRITE;
/*!40000 ALTER TABLE `communities_users` DISABLE KEYS */;
INSERT INTO `communities_users` VALUES (1,1),(2,2),(3,7),(4,45),(5,55),(6,56),(7,57),(8,58),(9,59),(10,60),(11,61),(12,63),(13,64),(14,65),(15,66),(16,67),(17,68),(18,69),(19,70),(20,71),(21,73),(22,74),(23,75),(24,76),(25,77),(26,78),(27,79),(28,80),(29,81),(30,82);
/*!40000 ALTER TABLE `communities_users` ENABLE KEYS */;
UNLOCK TABLES;

--
-- Table structure for table `education`
--

DROP TABLE IF EXISTS `education`;
/*!40101 SET @saved_cs_client     = @@character_set_client */;
/*!50503 SET character_set_client = utf8mb4 */;
CREATE TABLE `education` (
  `id` bigint unsigned NOT NULL AUTO_INCREMENT COMMENT 'Идентификатор строки',
  `users_id` bigint unsigned DEFAULT NULL COMMENT 'Идентификатор пользователя',
  `University` varchar(300) DEFAULT NULL COMMENT 'ВУЗ',
  `Faculty` varchar(300) DEFAULT NULL COMMENT 'Факультет',
  `Specialization` varchar(300) DEFAULT NULL COMMENT 'Специализация',
  `Mode_of_study` varchar(50) DEFAULT NULL COMMENT 'Форма обучения',
  `Status_ed` varchar(50) DEFAULT NULL COMMENT 'Cтатус после обучения',
  `created_at` datetime DEFAULT CURRENT_TIMESTAMP COMMENT 'Время создания строки',
  `updated_at` datetime DEFAULT CURRENT_TIMESTAMP ON UPDATE CURRENT_TIMESTAMP COMMENT 'Время обновления строки',
  PRIMARY KEY (`id`),
  UNIQUE KEY `id` (`id`),
  KEY `education_users_id` (`users_id`),
  CONSTRAINT `education_users_id` FOREIGN KEY (`users_id`) REFERENCES `users` (`id`)
) ENGINE=InnoDB AUTO_INCREMENT=31 DEFAULT CHARSET=utf8mb4 COLLATE=utf8mb4_0900_ai_ci COMMENT='Таблица об образовании пользователя';
/*!40101 SET character_set_client = @saved_cs_client */;

--
-- Dumping data for table `education`
--

LOCK TABLES `education` WRITE;
/*!40000 ALTER TABLE `education` DISABLE KEYS */;
INSERT INTO `education` VALUES (1,1,'strategize B2B vortals','Nienow-Jacobson','2211 Arnaldo Spring\nEast Leanneberg, GA 82304-3069','Nostrum ut quod distinctio saepe vitae mollitia.','Doloremque ut maxime accusamus accusamus. Nulla of','1976-01-08 09:59:21','1982-07-29 22:13:29'),(2,2,'transform viral portals','Schowalter, Padberg and Dietrich','051 Ziemann Lodge Apt. 944\nAmelietown, IL 81927','Assumenda quam excepturi velit rerum rerum quis no','Perferendis sed labore non. Fuga et sit ducimus re','1973-04-09 07:05:16','2013-05-19 15:55:23'),(3,7,'deliver leading-edge partnerships','Braun, Parker and Jakubowski','0704 Zander Falls\nWest Altafurt, KY 57530-0435','Quod omnis illum ut aut.','Impedit qui eius qui consequuntur aut sunt vel. Ul','1975-10-22 08:45:08','1978-07-06 09:27:42'),(4,45,'repurpose next-generation infrastructures','Oberbrunner-Bruen','36929 Altenwerth Pike Suite 260\nSmithamberg, MI 07664','Est beatae omnis sunt ipsam ea nesciunt.','Molestiae et quis eligendi eum. Perspiciatis moles','2001-09-20 19:59:00','1988-07-21 03:38:52'),(5,55,'transition revolutionary e-services','Quitzon, Barton and Raynor','4170 Reichel Mission Suite 387\nAdalbertoland, OR 14506','Dolorem pariatur et rerum id omnis quis sint non.','Fugiat quia sapiente eos pariatur iusto eveniet ma','2011-06-30 03:36:43','1986-06-15 21:35:19'),(6,56,'facilitate extensible deliverables','Hane-Swaniawski','81011 Kari Bridge Suite 314\nPort Mollie, FL 63000','Est dolore id cupiditate consequatur quo sunt earu','Quos ex quod magnam rem at. Sequi expedita perfere','2004-03-15 17:23:57','2012-07-20 13:26:31'),(7,57,'innovate turn-key functionalities','O\'Keefe LLC','9608 Rempel Branch\nMartinetown, TX 45643','Distinctio quibusdam sed repellendus facere.','Mollitia incidunt officia qui facilis eum. Distinc','2004-09-27 02:18:48','1993-07-02 17:15:58'),(8,58,'grow wireless architectures','Cummerata, Ward and Abbott','26335 Velda Isle Apt. 473\nEast Rudyport, OR 44927','Fuga quaerat libero et.','Nisi at ut a alias commodi qui. Aut recusandae est','1998-04-23 10:31:06','1993-10-03 15:48:15'),(9,59,'engage intuitive architectures','Goldner, Olson and Zieme','0831 Harold Road\nDestinishire, WI 43378-8611','Mollitia reiciendis accusantium cupiditate sit qui','Porro et fugit voluptatum corrupti omnis iusto. Et','2014-08-03 10:46:05','2009-01-31 01:00:43'),(10,60,'matrix extensible solutions','Stehr-Schmitt','47098 Josie Corner\nPort Adriel, AR 05486-9433','Fugit beatae est ab nostrum reprehenderit.','Fugit qui eligendi accusantium sit at. Quo natus v','1973-09-18 23:46:46','1983-02-26 00:17:31'),(11,61,'leverage innovative vortals','Brakus, Littel and Harris','8263 Langworth Knolls\nNasirland, ID 75538','Debitis rerum reprehenderit doloribus velit ut rer','At tempore et fugiat eveniet veritatis dolores. Do','2017-01-21 15:02:34','2019-06-20 12:26:57'),(12,63,'scale wireless channels','Stroman, Brekke and Jacobs','2672 Leora Green\nMelanyshire, RI 12145-2622','Non quis hic est fugit fugiat.','Est dolor iste velit dignissimos cum est dolore. F','2016-09-11 02:36:28','2000-03-13 16:44:22'),(13,64,'synthesize global metrics','Berge-Kozey','57248 Weldon Street\nPfeffertown, NM 72475','Est facilis ratione dolores aut.','Asperiores accusamus in sequi voluptatem vitae rep','2011-11-01 17:38:10','1984-05-20 14:54:31'),(14,65,'syndicate sexy portals','Baumbach LLC','521 Weber Streets Suite 719\nWest Marley, ID 64648','Repellat ducimus eligendi cumque harum iure.','Officiis quo dolores ex sed et amet consequatur. A','1981-09-24 15:28:51','2014-11-06 06:58:37'),(15,66,'drive real-time webservices','Hegmann-Altenwerth','03764 Kuhn Village\nPort Owen, DE 90163-2726','Quia totam quidem voluptatem assumenda ipsam susci','Quia sit impedit iste ducimus adipisci incidunt qu','2006-06-15 08:36:14','1976-01-15 10:26:30'),(16,67,'scale end-to-end e-tailers','Gutmann-Goldner','309 Ibrahim Valley Suite 672\nNorth Braulioland, NY 96385-7401','Et facilis ipsam fugiat dolores.','Explicabo numquam porro ipsam fugiat autem est rer','2013-05-05 23:04:59','1999-06-18 07:46:57'),(17,68,'recontextualize out-of-the-box webservices','Wehner Ltd','2354 Lera Row Suite 669\nNew Mitchellbury, VT 23496-1735','Ea impedit quam cum quisquam minus.','Aut et officiis aut est reiciendis minus similique','2001-03-15 16:52:13','2007-01-20 06:02:31'),(18,69,'morph wireless solutions','West, Cruickshank and Haley','5629 Stewart Shoal\nKaileehaven, GA 89814','Quisquam et iusto consequatur.','Et ad illo ex. Ipsum qui at culpa et. Ut voluptate','1990-01-02 14:26:37','1993-05-15 01:20:46'),(19,70,'benchmark web-enabled users','Leffler Inc','8640 O\'Conner Fords\nJoannyfort, CA 74294','Laboriosam adipisci alias at fugiat ut ad.','At debitis et nihil explicabo mollitia. Quis magna','1990-07-30 05:00:06','2015-04-20 19:51:03'),(20,71,'synergize web-enabled architectures','Feeney PLC','789 Tremblay Grove\nHowellfort, IA 59712','Eius molestias quas libero et autem minima sapient','Ut est recusandae perferendis corrupti nihil est. ','2006-07-24 04:16:30','2006-10-25 23:48:47'),(21,73,'maximize interactive initiatives','Quigley-West','205 Bednar Shoal Suite 167\nEast Lonnyside, DC 39122','Dolorem expedita delectus voluptatem.','Dignissimos quo qui id aliquam fuga repellendus pe','2012-04-26 19:56:37','1998-05-19 18:35:15'),(22,74,'whiteboard e-business methodologies','McDermott-Hane','15583 Colten Street Apt. 500\nZulaufton, MT 83643-5388','Reprehenderit ab quas dolores hic.','Quia facilis et autem libero. Nihil a dolor non re','2019-07-05 15:49:42','1980-01-16 15:14:59'),(23,75,'transform best-of-breed models','Nader-McDermott','24398 Predovic Centers\nKacieshire, IN 19498','Aliquam laborum voluptatem veritatis.','Dolorum ipsum enim nam non nulla. Culpa libero hic','1974-08-27 17:17:20','1984-12-12 07:58:44'),(24,76,'envisioneer extensible vortals','Terry-Schoen','6151 Weber Inlet Suite 047\nLorenaborough, ME 24203-5553','Animi est dolor officiis aspernatur.','Harum et qui porro modi natus ut eaque. Ullam nequ','1990-05-05 10:16:11','1993-10-15 00:08:38'),(25,77,'mesh magnetic platforms','Lebsack-Raynor','8355 Tre Plains Suite 840\nPort Zetta, ME 91522-2936','Similique laboriosam ad est aspernatur necessitati','Ipsam quos in omnis id explicabo odit laboriosam. ','1984-11-06 21:57:28','2015-01-05 17:51:18'),(26,78,'brand vertical content','Paucek Inc','7773 Stark Park\nRathport, CO 18408-4563','Est quam et magni.','Amet nostrum natus qui fugit. Quos non et ipsum.','1976-03-26 04:24:03','2013-08-15 06:55:41'),(27,79,'matrix bricks-and-clicks paradigms','Botsford, Bergnaum and Leffler','322 Bruen Meadows\nPort Eliane, ME 77757-8028','Aspernatur omnis ea qui voluptas ut deleniti dolor','Ut iure illum optio voluptatem rerum. Tenetur et a','2006-07-18 04:57:18','1972-04-25 20:29:50'),(28,80,'recontextualize extensible paradigms','Schoen-Torp','15463 Boyle Brook Apt. 817\nJoycechester, SD 75337-3530','Quis provident dolorum nesciunt repellat quas.','Voluptates eum itaque non et consequatur. Reprehen','2001-01-07 22:37:05','1986-08-07 14:00:15'),(29,81,'grow proactive paradigms','Schaefer Group','5218 Ahmad Bridge Apt. 536\nFramihaven, NJ 75543','Rem pariatur molestiae expedita quisquam deleniti.','Maiores excepturi deserunt nihil ex sequi omnis. L','1985-10-21 15:53:41','1998-06-29 06:26:55'),(30,82,'drive front-end experiences','Walter Inc','2528 Oberbrunner Center\nPort Gerson, MA 20655','Aperiam nam reiciendis temporibus quae sunt.','Pariatur libero est ut nemo amet. Tenetur iste eos','2015-05-06 13:59:19','1982-06-16 09:29:47');
/*!40000 ALTER TABLE `education` ENABLE KEYS */;
UNLOCK TABLES;

--
-- Table structure for table `friend_requests`
--

DROP TABLE IF EXISTS `friend_requests`;
/*!40101 SET @saved_cs_client     = @@character_set_client */;
/*!50503 SET character_set_client = utf8mb4 */;
CREATE TABLE `friend_requests` (
  `from_user_id` bigint unsigned NOT NULL,
  `to_user_id` bigint unsigned NOT NULL,
  `accepted` tinyint(1) DEFAULT '0',
  PRIMARY KEY (`from_user_id`,`to_user_id`),
  KEY `to_user_id` (`to_user_id`),
  CONSTRAINT `friend_requests_ibfk_1` FOREIGN KEY (`from_user_id`) REFERENCES `users` (`id`),
  CONSTRAINT `friend_requests_ibfk_2` FOREIGN KEY (`to_user_id`) REFERENCES `users` (`id`),
  CONSTRAINT `friend_requests_chk_1` CHECK ((`from_user_id` <> `to_user_id`))
) ENGINE=InnoDB DEFAULT CHARSET=utf8mb4 COLLATE=utf8mb4_0900_ai_ci;
/*!40101 SET character_set_client = @saved_cs_client */;

--
-- Dumping data for table `friend_requests`
--

LOCK TABLES `friend_requests` WRITE;
/*!40000 ALTER TABLE `friend_requests` DISABLE KEYS */;
INSERT INTO `friend_requests` VALUES (55,96,1),(56,106,0),(57,109,1),(58,99,0),(60,108,0),(64,90,1),(64,91,0),(65,109,0),(66,110,0),(67,109,1),(67,111,0),(69,94,0),(69,95,0),(70,100,1),(71,109,0),(73,106,1),(73,107,1),(74,114,0),(75,96,1),(75,112,0),(76,94,0),(76,98,0),(76,100,0),(78,101,0),(78,110,1),(79,99,0),(79,112,0),(80,92,1),(81,114,0),(84,102,0);
/*!40000 ALTER TABLE `friend_requests` ENABLE KEYS */;
UNLOCK TABLES;

--
-- Table structure for table `like_status`
--

DROP TABLE IF EXISTS `like_status`;
/*!40101 SET @saved_cs_client     = @@character_set_client */;
/*!50503 SET character_set_client = utf8mb4 */;
CREATE TABLE `like_status` (
  `id` bigint unsigned NOT NULL AUTO_INCREMENT COMMENT 'Идентификатор строки',
  `users_id` bigint unsigned DEFAULT NULL COMMENT 'Идентификатор пользователя',
  `object_id` int unsigned DEFAULT NULL COMMENT 'Идентификатор объекта для простановки лайков',
  `status` tinyint(1) DEFAULT NULL COMMENT 'Статус лайка',
  `created_at` datetime DEFAULT CURRENT_TIMESTAMP COMMENT 'Время создания строки',
  `updated_at` datetime DEFAULT CURRENT_TIMESTAMP ON UPDATE CURRENT_TIMESTAMP COMMENT 'Время обновления строки',
  PRIMARY KEY (`id`),
  UNIQUE KEY `id` (`id`),
  KEY `like_status_users_id` (`users_id`),
  CONSTRAINT `like_status_users_id` FOREIGN KEY (`users_id`) REFERENCES `users` (`id`)
) ENGINE=InnoDB AUTO_INCREMENT=31 DEFAULT CHARSET=utf8mb4 COLLATE=utf8mb4_0900_ai_ci COMMENT='Таблица статусов пользователя';
/*!40101 SET character_set_client = @saved_cs_client */;

--
-- Dumping data for table `like_status`
--

LOCK TABLES `like_status` WRITE;
/*!40000 ALTER TABLE `like_status` DISABLE KEYS */;
INSERT INTO `like_status` VALUES (1,1,1,0,'2012-05-06 08:04:44','2011-08-19 04:53:34'),(2,2,2,0,'2021-06-06 14:22:52','1975-01-20 08:02:41'),(3,7,7,0,'1998-09-16 02:59:52','2003-10-13 14:59:16'),(4,45,45,0,'1996-03-19 10:07:49','1984-08-13 10:53:16'),(5,55,55,0,'1970-02-02 10:33:01','1993-04-13 01:24:05'),(6,56,56,0,'1986-07-24 08:55:49','1980-04-21 13:00:42'),(7,57,57,0,'2003-08-07 17:38:27','2010-09-11 08:41:52'),(8,58,58,0,'2005-10-03 16:10:17','2014-11-13 03:00:07'),(9,59,59,0,'2020-12-31 09:26:18','1987-12-08 16:07:58'),(10,60,60,0,'1975-07-23 19:06:26','2005-06-17 01:09:08'),(11,61,61,0,'2000-10-22 12:45:43','1997-05-14 20:42:39'),(12,63,63,0,'1986-04-11 18:08:51','1988-12-30 22:45:55'),(13,64,64,0,'1991-06-20 14:44:07','1977-09-22 09:12:34'),(14,65,65,0,'2005-02-24 03:31:50','1982-09-10 14:13:25'),(15,66,66,0,'2012-11-28 19:26:36','2019-08-04 07:44:43'),(16,67,67,0,'1970-01-28 17:28:19','2004-06-23 12:41:00'),(17,68,68,0,'1979-08-30 09:36:02','1971-02-22 20:33:19'),(18,69,69,0,'2011-07-29 10:23:39','2008-09-22 19:05:00'),(19,70,70,0,'1990-05-05 09:04:12','1981-05-09 17:35:28'),(20,71,71,0,'2012-12-11 09:16:10','2019-05-17 04:51:36'),(21,73,73,0,'1996-06-22 08:04:40','1987-11-03 04:39:44'),(22,74,74,0,'1990-06-01 19:31:30','2004-01-02 07:53:42'),(23,75,75,0,'1975-10-07 01:41:02','2001-06-12 01:09:05'),(24,76,76,0,'1984-09-29 01:48:36','2000-02-25 19:09:56'),(25,77,77,0,'1986-12-14 17:47:26','1978-12-19 08:40:31'),(26,78,78,0,'2011-11-06 12:24:43','1994-10-07 05:51:59'),(27,79,79,0,'1992-11-07 11:50:40','1994-07-30 10:18:47'),(28,80,80,0,'2020-05-29 19:08:08','1999-05-06 16:44:59'),(29,81,81,0,'1972-05-11 12:46:33','2010-12-03 15:37:37'),(30,82,82,0,'2015-11-20 22:05:03','1972-11-21 18:21:56');
/*!40000 ALTER TABLE `like_status` ENABLE KEYS */;
UNLOCK TABLES;

--
-- Table structure for table `media`
--

DROP TABLE IF EXISTS `media`;
/*!40101 SET @saved_cs_client     = @@character_set_client */;
/*!50503 SET character_set_client = utf8mb4 */;
CREATE TABLE `media` (
  `id` bigint unsigned NOT NULL AUTO_INCREMENT,
  `user_id` bigint unsigned NOT NULL,
  `media_types_id` int unsigned NOT NULL,
  `file_name` varchar(255) DEFAULT NULL,
  `file_size` bigint unsigned DEFAULT NULL,
  `created_at` datetime NOT NULL DEFAULT CURRENT_TIMESTAMP,
  UNIQUE KEY `id` (`id`),
  KEY `media_users_idx` (`user_id`),
  KEY `media_types_id` (`media_types_id`),
  CONSTRAINT `media_ibfk_1` FOREIGN KEY (`media_types_id`) REFERENCES `media_types` (`id`),
  CONSTRAINT `media_ibfk_2` FOREIGN KEY (`user_id`) REFERENCES `users` (`id`)
) ENGINE=InnoDB AUTO_INCREMENT=31 DEFAULT CHARSET=utf8mb4 COLLATE=utf8mb4_0900_ai_ci;
/*!40101 SET character_set_client = @saved_cs_client */;

--
-- Dumping data for table `media`
--

LOCK TABLES `media` WRITE;
/*!40000 ALTER TABLE `media` DISABLE KEYS */;
INSERT INTO `media` VALUES (1,1,1,'odit',5703635,'1971-12-19 04:58:55'),(2,2,2,'pariatur',97021403,'1986-09-26 23:23:43'),(3,7,3,'natus',356126,'1999-11-16 00:54:00'),(4,45,1,'modi',0,'1985-06-03 01:40:20'),(5,55,2,'magni',46,'2013-10-01 07:32:39'),(6,56,3,'et',2085039,'1998-09-09 14:17:30'),(7,57,1,'iste',10239,'1991-08-27 21:13:38'),(8,58,2,'sit',69,'1997-12-25 18:22:44'),(9,59,3,'et',7164,'1989-01-22 12:16:20'),(10,60,1,'qui',0,'1979-10-17 20:36:22'),(11,61,2,'nesciunt',682,'2001-08-11 14:44:41'),(12,63,3,'qui',46686701,'2006-11-30 05:48:10'),(13,64,1,'sit',24,'1977-04-25 11:06:01'),(14,65,2,'est',0,'1976-09-28 18:17:58'),(15,66,3,'dolorum',0,'1989-02-13 17:32:17'),(16,67,1,'labore',5623,'1996-11-14 20:07:35'),(17,68,2,'est',8790,'1977-03-04 06:03:32'),(18,69,3,'eaque',0,'2008-10-17 05:56:48'),(19,70,1,'minima',4071,'1978-01-27 20:56:34'),(20,71,2,'non',15,'1989-12-02 20:18:17'),(21,73,3,'animi',464,'2009-02-10 10:41:50'),(22,74,1,'sit',9,'1984-09-08 07:09:55'),(23,75,2,'atque',9481780,'2006-03-29 02:54:15'),(24,76,3,'qui',203453,'1996-09-16 17:26:05'),(25,77,1,'molestiae',54329892,'2019-07-26 23:23:21'),(26,78,2,'illo',12669446,'1974-03-07 19:19:37'),(27,79,3,'nihil',57,'1991-08-20 00:38:23'),(28,80,1,'praesentium',737,'2016-10-11 13:11:15'),(29,81,2,'quia',795511203,'1972-02-19 08:27:22'),(30,82,3,'nihil',4,'2007-06-20 15:03:59');
/*!40000 ALTER TABLE `media` ENABLE KEYS */;
UNLOCK TABLES;

--
-- Table structure for table `media_types`
--

DROP TABLE IF EXISTS `media_types`;
/*!40101 SET @saved_cs_client     = @@character_set_client */;
/*!50503 SET character_set_client = utf8mb4 */;
CREATE TABLE `media_types` (
  `id` int unsigned NOT NULL AUTO_INCREMENT,
  `name` varchar(45) NOT NULL,
  PRIMARY KEY (`id`),
  UNIQUE KEY `name` (`name`)
) ENGINE=InnoDB AUTO_INCREMENT=4 DEFAULT CHARSET=utf8mb4 COLLATE=utf8mb4_0900_ai_ci;
/*!40101 SET character_set_client = @saved_cs_client */;

--
-- Dumping data for table `media_types`
--

LOCK TABLES `media_types` WRITE;
/*!40000 ALTER TABLE `media_types` DISABLE KEYS */;
INSERT INTO `media_types` VALUES (3,'документ'),(1,'изображение'),(2,'музыка');
/*!40000 ALTER TABLE `media_types` ENABLE KEYS */;
UNLOCK TABLES;

--
-- Table structure for table `messages`
--

DROP TABLE IF EXISTS `messages`;
/*!40101 SET @saved_cs_client     = @@character_set_client */;
/*!50503 SET character_set_client = utf8mb4 */;
CREATE TABLE `messages` (
  `id` bigint unsigned NOT NULL AUTO_INCREMENT,
  `from_user_id` bigint unsigned NOT NULL,
  `to_user_id` bigint unsigned NOT NULL,
  `body` text,
  `created_at` datetime DEFAULT CURRENT_TIMESTAMP,
  `updated_at` datetime DEFAULT CURRENT_TIMESTAMP ON UPDATE CURRENT_TIMESTAMP,
  `is_delivered` tinyint(1) DEFAULT '0',
  UNIQUE KEY `id` (`id`),
  KEY `from_user_id` (`from_user_id`),
  KEY `to_user_id` (`to_user_id`),
  CONSTRAINT `messages_ibfk_1` FOREIGN KEY (`from_user_id`) REFERENCES `users` (`id`),
  CONSTRAINT `messages_ibfk_2` FOREIGN KEY (`to_user_id`) REFERENCES `users` (`id`)
) ENGINE=InnoDB AUTO_INCREMENT=36 DEFAULT CHARSET=utf8mb4 COLLATE=utf8mb4_0900_ai_ci;
/*!40101 SET character_set_client = @saved_cs_client */;

--
-- Dumping data for table `messages`
--

LOCK TABLES `messages` WRITE;
/*!40000 ALTER TABLE `messages` DISABLE KEYS */;
INSERT INTO `messages` VALUES (6,1,1,'Vel quia odio sint sed. Qui reiciendis minus ducimus voluptatem tempore libero. Numquam autem amet id et tempore beatae et. Quis doloribus explicabo deserunt eum nostrum quaerat esse.','1975-09-24 16:43:17','1981-03-30 11:29:58',1),(7,2,2,'Accusantium ipsa molestiae repudiandae praesentium qui. Minima quis et ab aut. Aut doloribus aut maiores dolor atque quia omnis id. Ut dolore tenetur autem alias possimus voluptas qui.','1971-04-19 16:15:37','1997-02-28 18:35:25',0),(8,7,7,'Incidunt enim maxime enim voluptas reprehenderit porro. Cupiditate quis quod et est velit beatae deserunt. Dignissimos deleniti voluptates repudiandae accusantium rem quam. Accusamus facere dolores doloremque labore ratione eius quia.','1991-03-17 10:39:41','1980-08-28 19:32:07',0),(9,45,45,'Doloremque atque quaerat culpa nemo. Et nemo voluptatem distinctio dicta laboriosam numquam quidem. Ut inventore consectetur odio vero. Blanditiis molestiae quo modi quos neque cumque.','1992-09-24 08:02:24','2013-07-23 17:33:25',0),(10,55,55,'Atque itaque officia ipsum. Eligendi et aut ratione inventore. Ab velit quo laudantium minus qui qui non. Error facere quis animi sed eos officia.','1973-12-04 15:26:32','2018-02-06 02:50:31',1),(11,56,56,'Assumenda et molestiae eveniet pariatur alias soluta harum. Soluta consequuntur omnis assumenda et consequuntur. Ab ut facere neque est laudantium tenetur ipsa.','2012-03-09 14:28:08','1995-06-04 00:39:31',1),(12,57,57,'Quaerat non voluptates quia neque voluptates blanditiis. Vel labore natus at iste delectus veritatis. Fugit ea laborum earum asperiores itaque quos sequi. Optio et odio quo impedit voluptatibus architecto.','2009-09-24 05:06:08','1982-03-11 07:47:06',0),(13,58,58,'Minus odio voluptas voluptatem temporibus. Dolores quasi voluptatem enim est voluptas laudantium. Veritatis quod numquam nisi cum ad.','2013-10-30 11:43:33','2015-02-12 14:05:26',1),(14,59,59,'Ea exercitationem aut dolores eveniet facere dolores consequatur nemo. Officiis sit dolores molestiae eaque et eius esse est. Fugit ut ut in sit. Nemo voluptate enim molestiae cumque.','1991-02-06 20:20:27','2011-07-02 05:26:18',1),(15,60,60,'Ea vitae sit eaque recusandae ad. Qui eos asperiores aut voluptas nam. Provident modi autem dolores ducimus nam.','2017-11-17 12:35:37','2017-03-27 01:04:12',0),(16,61,61,'Laudantium provident consequatur aut id illo possimus. Dolorem illum amet possimus. Ea molestias voluptas ut. Rerum cumque temporibus facere totam ullam.','1983-02-23 16:04:00','2009-03-08 18:27:56',0),(17,63,63,'Aperiam repellat asperiores rerum dolores sit. Assumenda eos pariatur nesciunt sapiente. Suscipit quia eos exercitationem qui incidunt consequatur accusamus. Sed magnam distinctio at nulla.','1991-03-12 12:31:15','1987-12-02 23:09:22',0),(18,64,64,'Exercitationem atque est ut modi ipsam ipsa. Similique et nulla dolor tempore aspernatur. Amet quaerat tempora aut consequatur quis eum. Aspernatur et esse rerum facere aut eum quaerat voluptate. Itaque et velit blanditiis.','2020-11-16 22:14:29','2011-06-23 20:01:14',1),(19,65,65,'Praesentium laboriosam sint est dolores aliquam cupiditate et. Dignissimos ut nobis voluptatibus laudantium. Aut inventore minima enim facere rem.','1988-02-17 12:32:21','1980-12-03 06:43:10',0),(20,66,66,'Est repellendus non nulla. Consequatur consequatur quam adipisci facilis ut. Earum et distinctio ab ducimus modi velit. Quia nemo blanditiis totam assumenda.','1975-05-30 13:54:13','1992-09-19 03:33:20',1),(21,67,67,'Explicabo eos dolorem debitis assumenda ut iste ut earum. Dicta consequatur dolorum aut facilis veritatis ipsa inventore officia. Delectus hic rem animi aut. Magni velit deleniti recusandae officiis.','2019-10-16 05:44:54','2016-03-30 01:54:04',0),(22,68,68,'Doloribus ipsam et est temporibus. Maxime ipsam minima ipsam facere harum odit omnis qui. Qui asperiores et alias laboriosam aliquam voluptas quae.','1995-11-26 09:44:37','2018-09-13 04:30:49',1),(23,69,69,'Doloremque sit quos dolorum nisi at eum ipsum. Iste quia qui ut aut alias. Quam sed sint adipisci exercitationem. Quas assumenda nulla corrupti. Autem et aut voluptatem alias id necessitatibus.','1982-08-21 21:20:44','2018-08-14 12:37:59',0),(24,70,70,'Et id placeat optio consequatur. Voluptatem quia sunt quia. Quibusdam sunt ullam eos quia dolorum nulla nam eos.','2019-03-21 06:32:54','2017-03-31 13:33:33',1),(25,71,71,'Maiores omnis occaecati debitis numquam qui. Qui delectus et dolores error distinctio est. Mollitia odio ut culpa dolor ea illum. Quia et rerum rerum aspernatur esse magnam aut.','1973-09-29 16:26:45','1999-01-07 08:31:44',0),(26,73,73,'Sint ad maiores aut placeat eos eaque. Voluptates autem maxime occaecati. Blanditiis ipsam quaerat illum sequi.','2018-10-08 02:46:35','1997-02-03 00:53:45',1),(27,74,74,'Dicta ut ullam maiores quidem enim quas et laudantium. Natus maxime voluptatem facere omnis voluptatem ut rerum. Soluta saepe odio odit quisquam dolorum.','2015-12-10 07:51:40','1970-12-31 07:02:32',1),(28,75,75,'Fugit laboriosam inventore dicta architecto. Modi eum et corporis ullam a. Qui possimus perspiciatis non veniam nostrum.','2002-07-15 16:45:09','2008-04-13 18:12:50',0),(29,76,76,'Optio est dolorem laboriosam. Veritatis voluptatum omnis tempore quis inventore in. Voluptatem iusto temporibus consequatur non et aspernatur suscipit.','2019-07-11 22:50:16','2018-08-09 03:39:04',0),(30,77,77,'Nobis molestias aspernatur est omnis quam quaerat tenetur. Soluta provident quae eaque ipsa illo inventore aperiam sit. Maxime et quod ex sed optio illum sed aliquam.','2004-08-29 08:34:59','1989-10-26 17:55:52',0),(31,78,78,'Qui magni adipisci incidunt assumenda at. Vel quibusdam itaque doloribus.','1997-01-26 12:07:46','1991-03-10 19:11:38',1),(32,79,79,'Est est necessitatibus a magnam. Corrupti in magni alias soluta vel dolorem enim qui. Facere cum unde magni molestiae.','2021-07-22 14:42:18','2020-08-18 15:57:29',0),(33,80,80,'Iusto voluptate velit et quaerat eligendi fugiat labore voluptatem. Necessitatibus consequatur impedit amet possimus deserunt adipisci et ex. Ipsam explicabo fugiat suscipit vel minima nihil laudantium.','2012-12-28 22:54:19','1987-03-28 23:26:06',0),(34,81,81,'Laboriosam sequi nostrum modi. Quam adipisci atque cumque. Error quo praesentium perferendis. Incidunt voluptatum sapiente nisi sit placeat consectetur minus.','1990-01-22 12:22:39','1980-01-07 10:07:29',0),(35,82,82,'Incidunt voluptatem ad quis quis. Neque tempora dolorem accusamus in. Aut laboriosam officiis et sunt et aut veniam.','2015-11-16 12:51:58','1986-01-05 23:17:55',1);
/*!40000 ALTER TABLE `messages` ENABLE KEYS */;
UNLOCK TABLES;

--
-- Table structure for table `profiles`
--

DROP TABLE IF EXISTS `profiles`;
/*!40101 SET @saved_cs_client     = @@character_set_client */;
/*!50503 SET character_set_client = utf8mb4 */;
CREATE TABLE `profiles` (
  `user_id` bigint unsigned NOT NULL,
  `gender` enum('f','m','x') NOT NULL,
  `birthday` date NOT NULL,
  `photo_id` bigint unsigned DEFAULT NULL,
  `city` varchar(130) DEFAULT NULL,
  `country` varchar(130) DEFAULT NULL,
  UNIQUE KEY `user_id` (`user_id`),
  UNIQUE KEY `photo_id` (`photo_id`),
  CONSTRAINT `fk_profiles_media` FOREIGN KEY (`photo_id`) REFERENCES `media` (`id`),
  CONSTRAINT `profiles_ibfk_1` FOREIGN KEY (`user_id`) REFERENCES `users` (`id`)
) ENGINE=InnoDB DEFAULT CHARSET=utf8mb4 COLLATE=utf8mb4_0900_ai_ci;
/*!40101 SET character_set_client = @saved_cs_client */;

--
-- Dumping data for table `profiles`
--

LOCK TABLES `profiles` WRITE;
/*!40000 ALTER TABLE `profiles` DISABLE KEYS */;
INSERT INTO `profiles` VALUES (1,'m','1995-06-28',1,'Elenoraport',''),(2,'x','2005-08-27',2,'Hoegerstad','9803294'),(7,'m','2013-10-06',3,'West Brennon','684267996'),(45,'x','1990-06-05',4,'Larsonshire','104612'),(55,'x','1980-11-11',5,'Lefflerberg',''),(56,'m','1983-04-22',6,'North Cordiamouth','96310336'),(57,'x','1982-07-04',7,'Maximilianchester',''),(58,'x','2008-06-21',8,'Tremblayside','6184'),(59,'m','1987-03-03',9,'New Greenton','830217009'),(60,'f','2014-02-22',10,'North Jaysonfort','51'),(61,'m','2012-02-08',11,'Dickinsonborough',''),(63,'x','1989-06-23',12,'Brekkeshire','78556794'),(64,'f','2011-04-20',13,'New Kathleenland','8604194'),(65,'m','1982-08-18',14,'South Ocie','9952174'),(66,'m','1977-11-22',15,'Pearlinefurt','56'),(67,'x','2019-11-10',16,'Trantowchester','602508'),(68,'x','1984-06-23',17,'Greggfurt','5256236'),(69,'f','1977-12-05',18,'North Austinberg','8034741'),(70,'f','1973-04-21',19,'Antoinetteborough','3253762'),(71,'m','1979-11-02',20,'North Rene',''),(73,'f','1984-12-25',21,'McCulloughhaven','741073135'),(74,'m','2012-01-25',22,'Nikolausshire','2'),(75,'m','1998-06-10',23,'Lowemouth','8'),(76,'m','1989-03-30',24,'New Susannahaven','3039684'),(77,'m','1985-04-29',25,'South Esperanzaport','145152'),(78,'m','1976-09-06',26,'Nicoleport','13656'),(79,'f','1986-01-06',27,'Lake Kaciechester','4'),(80,'m','1985-09-24',28,'Davisstad','3764'),(81,'x','1991-04-22',29,'South Enaville','9354'),(82,'x','1997-05-16',30,'New Kamrynbury','33201');
/*!40000 ALTER TABLE `profiles` ENABLE KEYS */;
UNLOCK TABLES;

--
-- Table structure for table `users`
--

DROP TABLE IF EXISTS `users`;
/*!40101 SET @saved_cs_client     = @@character_set_client */;
/*!50503 SET character_set_client = utf8mb4 */;
CREATE TABLE `users` (
  `id` bigint unsigned NOT NULL AUTO_INCREMENT,
  `firstname` varchar(50) NOT NULL,
  `lastname` varchar(50) NOT NULL,
  `phone` char(13) DEFAULT NULL,
  `email` varchar(120) DEFAULT NULL,
  `password_hash` char(65) DEFAULT NULL,
  `created_at` datetime DEFAULT CURRENT_TIMESTAMP,
  `updated_at` datetime DEFAULT CURRENT_TIMESTAMP ON UPDATE CURRENT_TIMESTAMP,
  PRIMARY KEY (`id`),
  UNIQUE KEY `email` (`email`),
  KEY `lastname` (`lastname`),
  KEY `phone` (`phone`)
) ENGINE=InnoDB AUTO_INCREMENT=314 DEFAULT CHARSET=utf8mb4 COLLATE=utf8mb4_0900_ai_ci;
/*!40101 SET character_set_client = @saved_cs_client */;

--
-- Dumping data for table `users`
--

LOCK TABLES `users` WRITE;
/*!40000 ALTER TABLE `users` DISABLE KEYS */;
INSERT INTO `users` VALUES (1,'Petya','Petukhov','7(920)9609701','petya@mail.com','6f0f4c2056ff1910408b2a912e368fc9','2021-10-14 21:27:34','2021-10-18 23:03:17'),(2,'Vasya','Vasilkov','7(926)9858956','vasya@mail.com','521479343a22b4e4539ed9be941b4fa0','2021-10-14 21:27:34','2021-10-18 23:03:17'),(7,'Lena','Stepanova','7(927)9832839','lena@mail.com','053862b500d47d78c2d0f11d46ce8ab5','2021-10-18 19:39:56','2021-10-18 23:03:17'),(45,'Jane','Night','7(926)9093334','jane_n@mail.com','ad0ce8c44aa74b281640eb07a527d6af','2021-10-18 19:40:07','2021-10-18 23:03:17'),(55,'Jane','Kvanov','7(924)9277788','jane@mail.com','fe0fccf01326192a71da2f95812448ea','2021-10-18 19:40:03','2021-10-18 23:03:17'),(56,'Igor','Petrov','7(921)9437968','igor@mail.com','e27734ed44e970010d79c27b503b816e','2021-10-18 19:40:10','2021-10-18 23:03:17'),(57,'Oksana','Petrova','7(923)9821297','oksana@mail.com','db272f9233c3f75024ce655a5a407885','2021-10-18 19:40:10','2021-10-18 23:03:17'),(58,'Iren','Sidorova','7(927)9662918','iren@mail.com','6a24c527c23ba0cc5fd48051c79e49b7','2021-10-18 19:40:15','2021-10-18 23:03:17'),(59,'Сергей','Сергеев','7(923)9203771','qwe@asdf.qw','b51bde8ccb2090c50778bbca53e83334','2021-10-18 19:49:45','2021-10-18 23:03:17'),(60,'Ирина','Кийко','7(928)9905375','cattack2@unc.edu','b2ece66610733df86a55adae841afa81','2021-10-18 19:49:45','2021-10-18 23:03:17'),(61,'Виктория','Водопьянова','7(927)9368175','scasotti3@usgs.gov','d8c7bbd881f1f4ddda11c97d18a77571','2021-10-18 19:49:45','2021-10-18 23:03:17'),(63,'Аноним','Анонимов5','7(928)9846945','anonymous5@anonymous.qw','1ec28906239b1e853710facbc3f698db','2021-10-18 19:49:45','2021-10-18 23:03:17'),(64,'Дмитрий','Тимашов','7(923)9778386','segginton4@cam.ac.uk','bf8aad797588ebf4ce3ff09ccca72f2b','2021-10-18 19:49:45','2021-10-18 23:03:17'),(65,'Владислав','Авраменко','7(920)9166828','aswaddle5@altervista.org','17e736f5489bddd68c106e2554669026','2021-10-18 19:49:45','2021-10-18 23:03:17'),(66,'Алексей','Величко','7(928)9164256','fleahey6@ftc.gov','8318d5d4da4b77cdba6bb8951807633a','2021-10-18 19:49:45','2021-10-18 23:03:17'),(67,'Артем','Филипцов','7(925)9619401','rcasley7@exblog.jp','606f18adcc7e52a5d858c52414f4691c','2021-10-18 19:49:45','2021-10-18 23:03:17'),(68,'Елена','Колдаева','7(921)9290314','rlantry8@pen.io','d5fb3c522bc284cf3447e8c6b7700551','2021-10-18 19:49:45','2021-10-18 23:03:17'),(69,'Андрей','Антипов','7(920)9941342','egoatcher9@behance.net','16ec50ee85a374d8451f16dd5b5371a1','2021-10-18 19:49:45','2021-10-18 23:03:17'),(70,'Евгений','Грачев','7(921)9272671','dcolquita@ucla.edu','087766ada745d1e681f2a2356f2d0e87','2021-10-18 19:49:45','2021-10-18 23:03:17'),(71,'Аноним','Анонимов13','7(920)9708665','anonymous13@anonymous.qw','af1583a73945714c0358378c285ff24e','2021-10-18 19:49:45','2021-10-18 23:03:17'),(73,'Аноним','Анонимов15','7(921)9010598','anonymous15@anonymous.qw','8632d7de1f1f14fdbc144a3cff6ba0c8','2021-10-18 19:49:45','2021-10-18 23:03:17'),(74,'Аноним','Анонимов16','7(924)9823360','anonymous16@anonymous.qw','785c3aeaa8bc7193d5c072de7f3d7f88','2021-10-18 19:49:45','2021-10-18 23:03:17'),(75,'Аноним','Анонимов17','7(925)9548465','anonymous17@anonymous.qw','a3c8f5f4bbceb17cef303868ed4800c2','2021-10-18 19:49:45','2021-10-18 23:03:17'),(76,'Аноним','Анонимов18','7(924)9010594','anonymous18@anonymous.qw','ea44ecc82e914df04011a812209f46f3','2021-10-18 19:49:45','2021-10-18 23:03:17'),(77,'Аноним','Анонимов19','7(925)9265090','anonymous19@anonymous.qw','90e756c51a38d59abba6cca0ed9838c2','2021-10-18 19:49:45','2021-10-18 23:03:17'),(78,'Аноним','Анонимов20','7(920)9941364','anonymous20@anonymous.qw','95ae6932897f056a5623e367a122619e','2021-10-18 19:49:45','2021-10-18 23:03:17'),(79,'Аноним','Анонимов21','7(921)9500100','anonymous21@anonymous.qw','ab04254a8dfc7c132d492ab2547e9028','2021-10-18 19:49:45','2021-10-18 23:03:17'),(80,'Аноним','Анонимов22','7(920)9029618','anonymous22@anonymous.qw','86eee8889e356c9f6ac2ea6a881aaeb0','2021-10-18 19:49:45','2021-10-18 23:03:17'),(81,'Ирина','Сушкова','7(925)9061840','eshetliff0@virginia.edu','dc324412b36d906fe9356a1d133e7122','2021-10-18 19:49:45','2021-10-18 23:03:17'),(82,'Анна','Бавыкина','7(929)9908397','ldeguara1@bing.com','9f0f9dd6a7d2a4ae8ef8bf4cb3f3e412','2021-10-18 19:49:45','2021-10-18 23:03:17'),(83,'Марина','Киреева','7(925)9702972','cdominick2@cnn.com','2209fd6626eb1d78c4d57e9bfd4bdbe8','2021-10-18 19:49:45','2021-10-18 23:03:17'),(84,'Елена','Михайлова','7(929)9180886','dbydaway3@hugedomains.com','89c219b4ffbb919a2df434903aeef1ed','2021-10-18 19:49:45','2021-10-18 23:03:17'),(85,'Любовь','Чиликова','7(922)9110080','hpullin4@state.gov','ddbbc1a2638abb62f723d71745750673','2021-10-18 19:49:45','2021-10-18 23:03:17'),(86,'Елена','Селиванова','7(926)9463535','lhulme5@tamu.edu','ee996a87c14d3752b5d22eef9c9316bc','2021-10-18 19:49:45','2021-10-18 23:03:17'),(87,'Сергей','Лисовой','7(927)9816439','ngrzesiak6@blogspot.com','be572120234f8b81061441bbbe216a19','2021-10-18 19:49:45','2021-10-18 23:03:17'),(88,'Михаил','Назарьев','7(926)9340520','ewathall7@slate.com','bab66ff1a83373e9ae55c518dafb763f','2021-10-18 19:49:45','2021-10-18 23:03:17'),(89,'Алексей','Метлицкий','7(923)9121923','epindar8@oracle.com','93a3ab9a557cde87aeb6a1f1cd2e7965','2021-10-18 19:49:45','2021-10-18 23:03:17'),(90,'Эльвира','Белоусова','7(922)9251859','jdelacoste9@chicagotribune.com','4fcb851da30a50e6a39b0e6a00eeb446','2021-10-18 19:49:45','2021-10-18 23:03:17'),(91,'Екатерина','Власова','7(929)9688000','sdowgilla@salon.com','96c9a1cecf84f19ae2fb0fca5f745330','2021-10-18 19:49:45','2021-10-18 23:03:17'),(92,'Юрий','Волчкевич','7(928)9805277','mhouchenb@jalbum.net','172ac9ae6f8b2afdbe128f279dc43c68','2021-10-18 19:49:45','2021-10-18 23:03:17'),(93,'Евгений','Волынкин','7(924)9108247','rcogarc@storify.com','4473bfad8f63f9d3fba51b787cd1e4e5','2021-10-18 19:49:45','2021-10-18 23:03:17'),(94,'Владимир','Воробьев','7(929)9809203','gbartold@guardian.co.uk','ab1ac5aef71e352a67342bcc32446923','2021-10-18 19:49:45','2021-10-18 23:03:17'),(95,'Дмитрий','Лопухов','7(920)9400629','dcuffline@harvard.edu','1830b2f690ab8ef7712c4890075a30fd','2021-10-18 19:49:45','2021-10-18 23:03:17'),(96,'Ольга','Лохмачева','7(928)9329125','ctymf@uiuc.edu','8762ae1837c1bb77403a010801b94cee','2021-10-18 19:49:45','2021-10-18 23:03:17'),(97,'Маргарита','Овчинникова','7(926)9647702','vshelveyg@census.gov','4a83bb131f4b0e7f1e32866bbf77ac3d','2021-10-18 19:49:45','2021-10-18 23:03:17'),(98,'Вячеслав','Погорельский','7(927)9344204','sworboyh@about.me','648383cf8e37a07aed28593e4a203ab0','2021-10-18 19:49:45','2021-10-18 23:03:17'),(99,'Владимир','Полищук','7(920)9710558','cmayhoi@xrea.com','926fa5b5dab5f43f2d7c3ec5f9437a0d','2021-10-18 19:49:45','2021-10-18 23:03:17'),(100,'Игорь','Токарев','7(922)9402755','jromushkinj@census.gov','a469c77df387fde84d1aac3525a96ff8','2021-10-18 19:49:45','2021-10-18 23:03:17'),(101,'Евгений','Турбин','7(921)9257322','npesselk@buzzfeed.com','989060741461881d2b27d2448e28e421','2021-10-18 19:49:45','2021-10-18 23:03:17'),(102,'Анна','Колтакова','7(923)9264326','nhackettl@omniture.com','9c45e9bcfe006e38be91e75a38a0eb31','2021-10-18 19:49:45','2021-10-18 23:03:17'),(103,'Максим','Попов','7(925)9706279','cwillimentm@livejournal.com','f09c03690a4cdee177889a836dd0610f','2021-10-18 19:49:45','2021-10-18 23:03:17'),(104,'Юлия','Черепнина','7(929)9040372','civensn@deliciousdays.com','aa343fc8531f1323c96dd78fc49b05d7','2021-10-18 19:49:45','2021-10-18 23:03:17'),(105,'Андрей','Мошкин','7(928)9410544','rbrougho@elegantthemes.com','2c149afa8f1d9cd8d8479f55f8157d33','2021-10-18 19:49:45','2021-10-18 23:03:17'),(106,'Евгений','Бучнев','7(922)9436992','aandersenp@cisco.com','824c2149b5db4be585b5295fd6e2621e','2021-10-18 19:49:45','2021-10-18 23:03:17'),(107,'Екатерина','Кретинина','7(920)9607938','anorquoyq@home.pl','1af487eac0ef55f558853d835f85f0e8','2021-10-18 19:49:45','2021-10-18 23:03:17'),(108,'Павел','Трунтаев','7(929)9617890','bferrieresr@amazon.co.jp','d97b70ede57679ed770da2f7f59115d2','2021-10-18 19:49:45','2021-10-18 23:03:17'),(109,'Юлия','Печенкина','7(921)9268469','soffilers@biblegateway.com','7066c651f765c446cc551d7a862ed213','2021-10-18 19:49:45','2021-10-18 23:03:17'),(110,'Михаил','Хрипков','7(921)9539885','srobilartt@wix.com','7aff43bdef44b0a87ebedb7c1807131a','2021-10-18 19:49:45','2021-10-18 23:03:17'),(111,'Ольга','Черникова','7(929)9841596','adabbotdoyleu@latimes.com','52133e161c80732869aca3ba48c4123b','2021-10-18 19:49:45','2021-10-18 23:03:17'),(112,'Максим','Бахтерев','7(920)9131351','gmedlerv@desdev.cn','69a1aaa60247cd5d3921e747c3840ebf','2021-10-18 19:49:45','2021-10-18 23:03:17'),(113,'Екатерина','Попова','7(921)9921310','pschonfelderw@icio.us','2a9b0d7b8ba83c8f24d0938ef2937119','2021-10-18 19:49:45','2021-10-18 23:03:17'),(114,'Марина','Свиридова','7(929)9322714','klilleyx@ftc.gov','6cf088ad3aacce3812e516343d381583','2021-10-18 19:49:45','2021-10-18 23:03:17'),(115,'Сергей','Цурканов','7(924)9839770','dtribey@foxnews.com','492f30c3073bb363ba388f7eb9e5008f','2021-10-18 19:49:45','2021-10-18 23:03:17'),(116,'Алла','Толмачева','7(924)9051209','alukockz@google.co.jp','7f1088967cbb69e4baa9e01c7df71bc7','2021-10-18 19:49:45','2021-10-18 23:03:17'),(117,'Алексей','Суворов','7(922)9415024','acorrington10@barnesandnoble.com','ccf4867856e8d9f7b9266d110eee019e','2021-10-18 19:49:45','2021-10-18 23:03:17'),(118,'Виталия','Бредихина','7(920)9424573','lradbourn11@diigo.com','710db12d2b01fd139619d069cd5fe34a','2021-10-18 19:49:45','2021-10-18 23:03:17'),(119,'Елена','Бумакова','7(926)9331675','hdudeney12@digg.com','1230f3f880a2b959ac24edb63da92dd6','2021-10-18 19:49:45','2021-10-18 23:03:17'),(120,'Галина','Максимова','7(923)9480664','bpressnell13@cargocollective.com','337a23239feda79d64e78c4ac1ee3c0a','2021-10-18 19:49:45','2021-10-18 23:03:17'),(121,'Евгения','Мельченко','7(926)9147526','gtaber14@ask.com','6776e6efdddf7769a97086a72476c090','2021-10-18 19:49:45','2021-10-18 23:03:17'),(122,'Татьяна','Переславцева','7(922)9477022','harchell15@businessinsider.com','71d8f44fc2801dd8f0048d7b0bf388c4','2021-10-18 19:49:45','2021-10-18 23:03:17'),(123,'Татьяна','Ситало','7(929)9735678','ssullly16@umn.edu','eade722e106176d94edd52ce6d4164b2','2021-10-18 19:49:45','2021-10-18 23:03:17'),(124,'Ирина','Анисимова','7(924)9684677','ndunkerly17@elpais.com','a27ffd9c0d8ac5cdefb1df0fa8440d53','2021-10-18 19:49:45','2021-10-18 23:03:17'),(125,'Наталья','Домарева','7(923)9387766','bbass18@cloudflare.com','27f49d1bbe794fd5814703e81aaa4371','2021-10-18 19:49:45','2021-10-18 23:03:17'),(126,'Ирина','Сидельникова','7(921)9205446','hrivett19@nyu.edu','c56bb8cec90f14374929bcf44b3aec9d','2021-10-18 19:49:45','2021-10-18 23:03:17'),(127,'Ираида','Воронюк','7(925)9413571','bpiggen1a@networkadvertising.org','07e4db8eae31ba84bccd6e9fcf4343f8','2021-10-18 19:49:45','2021-10-18 23:03:17'),(128,'Юлия','Азарова','7(921)9008829','epiers1b@constantcontact.com','4c14dc7f452f7f8136a1bfc6c45b4353','2021-10-18 19:49:45','2021-10-18 23:03:17'),(129,'Мария','Ефимова','7(925)9445616','mizod1c@1und1.de','9581f85ab31c8ef2204cb6b3a34f11f7','2021-10-18 19:49:45','2021-10-18 23:03:17'),(130,'Юлия','Кондратьева','7(922)9387237','iwhetnell1d@kickstarter.com','9175b2c89db43e02b2ff6381260092cb','2021-10-18 19:49:45','2021-10-18 23:03:17'),(131,'Юлия','Косарева','7(922)9346957','clamonby1e@boston.com','1a7eec75e70ecf148532db57ded2e73c','2021-10-18 19:49:45','2021-10-18 23:03:17'),(132,'Ирина','Лакомова','7(923)9107046','ssimeons1f@scribd.com','4068eaed0d8d02d52f7cdd65c0e6a237','2021-10-18 19:49:45','2021-10-18 23:03:17'),(133,'Анна','Полуэктова','7(923)9911253','lroggerone1g@engadget.com','be154f3e5ca7cb23635ee74661e065cf','2021-10-18 19:49:45','2021-10-18 23:03:17'),(134,'Ольга','Никулина','7(923)9350392','astandfield1h@themeforest.net','82cc065b8b111c9b20cad554afe49a45','2021-10-18 19:49:45','2021-10-18 23:03:17'),(135,'Юлия','Максименко','7(920)9456158','educkit1i@globo.com','443c5079a296688698f179fc2946c2a1','2021-10-18 19:49:45','2021-10-18 23:03:17'),(136,'Татьяна','Асеева','7(924)9513480','khudless1j@oakley.com','40e4103d7519f7b636afd7868a0ec3c2','2021-10-18 19:49:45','2021-10-18 23:03:17'),(137,'Екатерина','Шипилова','7(921)9650696','msandiland1k@unesco.org','27b8f3dfd5efff31728a40bc68cf8551','2021-10-18 19:49:45','2021-10-18 23:03:17'),(138,'Елена','Янкова','7(922)9741899','mtrevers1l@amazon.com','ae854b5692b95bbf63766d983f3dd8f1','2021-10-18 19:49:45','2021-10-18 23:03:17'),(139,'Евгений','Красавин','7(925)9239814','uruffle1m@free.fr','3991d1397ef3f33e44865849309c873a','2021-10-18 19:49:45','2021-10-18 23:03:17'),(140,'Анна','Яньшина','7(922)9879376','lpetruskevich1n@statcounter.com','4b25b213af800fbcf43f541011b09b0c','2021-10-18 19:49:45','2021-10-18 23:03:17'),(141,'Наталья','Мироненко','7(927)9549814','awinnett1o@hao123.com','6508427eb689a83fd6630ee8f390f002','2021-10-18 19:49:45','2021-10-18 23:03:17'),(142,'Людмила','Дадонова','7(929)9532082','bfurphy1p@nifty.com','e6f07d4b300035108155d109f8ab62a2','2021-10-18 19:49:45','2021-10-18 23:03:17'),(143,'Ольга','Мордасова','7(924)9161215','sstemp1q@theglobeandmail.com','75c9791c7ad80301b3c9e0be7c5a0e30','2021-10-18 19:49:45','2021-10-18 23:03:17'),(144,'Елена','Рыжкова','7(928)9274345','gmazin1r@fotki.com','b75c3d170b151a70327d10e51278eaab','2021-10-18 19:49:45','2021-10-18 23:03:17'),(145,'Екатерина','Богомолова','7(920)9761615','lkrale1s@google.com.br','5d3e4ea4a8da0d3ecd697cf95a89ab7b','2021-10-18 19:49:45','2021-10-18 23:03:17'),(146,'Марина','Голощапова','7(929)9001577','ojosefs1t@shinystat.com','f152e585c2ee24f179db871f8dac4423','2021-10-18 19:49:45','2021-10-18 23:03:17'),(147,'Инна','Дибцева','7(921)9175415','apietesch1u@marketwatch.com','94e134b012a193b2e001b4629b25730a','2021-10-18 19:49:45','2021-10-18 23:03:17'),(148,'Дмитрий','Попов','7(926)9318688','lgow1v@example.com','f3bf9ec53abf75022256c9678f36a153','2021-10-18 19:49:45','2021-10-18 23:03:17'),(149,'Галина','Рукавицына','7(925)9476329','cmarte1w@globo.com','7f5b82724d70eccab566f673ff43fc53','2021-10-18 19:49:45','2021-10-18 23:03:17'),(150,'Никита','Рыкунов','7(920)9182065','lruddock1x@wikimedia.org','bbd96d76e49f849ef5f087b739166435','2021-10-18 19:49:45','2021-10-18 23:03:17'),(151,'Анастасия','Рыкунова','7(928)9172266','jscirman1y@about.me','0d6c0e728b0526d27ec9f7fa198ee548','2021-10-18 19:49:45','2021-10-18 23:03:17'),(152,'Юрий','Саблин','7(925)9634464','tkitchingman1z@omniture.com','a9c6fdbf06c7140cf13c206236ef7bc2','2021-10-18 19:49:45','2021-10-18 23:03:17'),(153,'Алексей','Самсонов','7(921)9504410','mlangman20@biblegateway.com','df702f560ef1ddae088cb6a4a3a6580b','2021-10-18 19:49:45','2021-10-18 23:03:17'),(154,'Екатерина','Соколова','7(921)9873621','jtuff21@yandex.ru','702692a9b0432afbafec51010fa6f150','2021-10-18 19:49:45','2021-10-18 23:03:17'),(155,'Татьяна','Афанасьева','7(922)9059091','dtidbold22@forbes.com','fcdee43788156a057f5cf3ea6a130c28','2021-10-18 19:49:45','2021-10-18 23:03:17'),(156,'Алексей','Болгов','7(929)9260141','hspivie23@artisteer.com','45b44ce7b15dd7371949b948281d6d64','2021-10-18 19:49:45','2021-10-18 23:03:17'),(157,'Дмитрий','Древаль','7(929)9410861','dsimkiss24@youtu.be','78d1c4b060e36fa09a78de0ee5ecf009','2021-10-18 19:49:45','2021-10-18 23:03:17'),(158,'Максим','Дубатовкин','7(920)9465073','ttichelaar25@i2i.jp','bd0373cc4d08b123775dafe29b5e4550','2021-10-18 19:49:45','2021-10-18 23:03:17'),(159,'Сергей','Простаков','7(924)9138642','vbyard26@dedecms.com','0dc9bc101a5899a622fbdc7211164ce0','2021-10-18 19:49:45','2021-10-18 23:03:17'),(160,'Александр','Пономарев','7(928)9448535','lduigenan27@list-manage.com','3d41bded5ee46418a75ee82aef5e809a','2021-10-18 19:49:45','2021-10-18 23:03:17'),(161,'Андрей','Косяков','7(922)9274381','svery28@nsw.gov.au','40105807d091890eda48b466198114b4','2021-10-18 19:49:45','2021-10-18 23:03:17'),(162,'Дмитрий','Косяков','7(928)9176424','slitzmann29@timesonline.co.uk','cbee731976375001cdd2024d8512ffa2','2021-10-18 19:49:45','2021-10-18 23:03:17'),(163,'Людмила','Скаба','7(927)9882628','jgiacomini2a@youtu.be','25e28b022ceb91c6a44e05babe13b978','2021-10-18 19:49:45','2021-10-18 23:03:17'),(164,'Дмитрий','Смольянинов','7(924)9182109','edurston2b@google.ca','79b46731ce69ecfcc2225b5c826a262d','2021-10-18 19:49:45','2021-10-18 23:03:17'),(165,'Вячеслав','Допперт','7(927)9516405','kfoulks2c@sphinn.com','0b6967c6533542d88f360194b69b03b3','2021-10-18 19:49:45','2021-10-18 23:03:17'),(166,'Елена','Стрыгина','7(920)9172710','jboken2d@wordpress.com','9296c2f730f0fc36c137a7dc711f4244','2021-10-18 19:49:45','2021-10-18 23:03:17'),(167,'Сергей','Анисимов','7(929)9633841','gcottage2e@prlog.org','278225df3648c4643ae7f51711086afe','2021-10-18 19:49:45','2021-10-18 23:03:17'),(168,'Вячеслав','Гамов','7(929)9488580','hstrotone2f@devhub.com','c2ee1e70f15033e8fe81ef8160271ea8','2021-10-18 19:49:45','2021-10-18 23:03:17'),(169,'Юрий','Довка','7(927)9578441','vtremmel2g@ed.gov','5f16dc61f142044291b950902e42b5e4','2021-10-18 19:49:45','2021-10-18 23:03:17'),(170,'Александр','Калинин','7(927)9593164','jcarlesso2h@google.co.jp','65f215563a8ca8e2dcb21644ea683590','2021-10-18 19:49:45','2021-10-18 23:03:17'),(171,'Николай','Пивоваров','7(928)9064141','mrucklidge2i@amazon.co.jp','cc8606d8b2c555aa717a9ab94ee9ec23','2021-10-18 19:49:45','2021-10-18 23:03:17'),(172,'Алексей','Тимошенко','7(921)9880193','aprydie2j@vistaprint.com','550fde007674dbbaf05d7287125b3566','2021-10-18 19:49:45','2021-10-18 23:03:17'),(173,'Екатерина','Богомолова','7(920)9146393','dbeardsall2k@dmoz.org','ebd23b4a1396222c93e8d3ff791ccdfa','2021-10-18 19:49:45','2021-10-18 23:03:17'),(174,'Марина','Голощапова','7(921)9859727','rbulford2l@goodreads.com','9fda1e096120dacdb41669011f20383e','2021-10-18 19:49:45','2021-10-18 23:03:17'),(175,'Инна','Дибцева','7(922)9017280','rblankenship2m@aol.com','1268a6b7a9f7e86c60bae06bc5a58c1b','2021-10-18 19:49:45','2021-10-18 23:03:17'),(176,'Дмитрий','Попов','7(920)9590767','lsiveter2n@cnbc.com','fb1ad671fa8e6347b11173288f4c6611','2021-10-18 19:49:45','2021-10-18 23:03:17'),(177,'Галина','Рукавицына','7(928)9069044','csamples2o@wordpress.com','6b3dfedb656056a1ce755d5843c4c4b9','2021-10-18 19:49:45','2021-10-18 23:03:17'),(178,'Никита','Рыкунов','7(921)9994927','bwhitby2p@furl.net','c8bddf1d29c5e55411d49d4b08aab5d0','2021-10-18 19:49:45','2021-10-18 23:03:17'),(179,'Анастасия','Рыкунова','7(925)9282213','sbearman2q@ebay.co.uk','c7327a3eea2b5a60f10c227631236511','2021-10-18 19:49:45','2021-10-18 23:03:17'),(180,'Юрий','Саблин','7(929)9407702','kscobie2r@sciencedaily.com','4a03ac00a2effed3a2b2e3400222e4fb','2021-10-18 19:49:45','2021-10-18 23:03:17'),(181,'Алексей','Самсонов','7(921)9206412','afickena@businessweek.com','6617c59a43dc31baddb353f17eec446d','2021-10-18 19:49:45','2021-10-18 23:03:17'),(182,'Екатерина','Соколова','7(926)9252513','mbaynhamb@howstuffworks.com','252060d635296dfa593d83226c45db55','2021-10-18 19:49:45','2021-10-18 23:03:17'),(183,'Татьяна','Афанасьева','7(928)9940029','doxterbyc@ovh.net','f2863a88cefc138b94ec9eafc38c6c81','2021-10-18 19:49:45','2021-10-18 23:03:17'),(184,'Алексей','Болгов','7(927)9587928','ndurekd@facebook.com','8f2f533de79d55c84bf7216f3518d12d','2021-10-18 19:49:45','2021-10-18 23:03:17'),(185,'Дмитрий','Древаль','7(929)9710362','echildse@sohu.com','6b3654da0c79d7290b9efea58c932e25','2021-10-18 19:49:45','2021-10-18 23:03:17'),(186,'Максим','Дубоваткин','7(927)9205522','agrigorushkinf@infoseek.co.jp','9e253bc0f5899bf7c306aa421e79878b','2021-10-18 19:49:45','2021-10-18 23:03:17'),(187,'Сергей','Простаков','7(927)9511652','hmcganng@umn.edu','e91bf47f58aa4836c3cf3ab5031fceb8','2021-10-18 19:49:45','2021-10-18 23:03:17'),(188,'Александр','Пономарев','7(921)9871682','mcumberpatchh@macromedia.com','2e373bd08ac6621ed63ff6faf0508bf2','2021-10-18 19:49:45','2021-10-18 23:03:17'),(189,'Максим','Паршин','7(922)9957090','ebankei@senate.gov','b1b5880ea00b22b313d58f2fc2c34f42','2021-10-18 19:49:45','2021-10-18 23:03:17'),(190,'Алексей','Петров','7(923)9339568','tbrandij@cyberchimps.com','2ce911426c37f0e18e9caf80fb0c3338','2021-10-18 19:49:45','2021-10-18 23:03:17'),(191,'Николай','Сидоров','7(922)9837979','kbarthramk@springer.com','500d73c8f521136ba46e0e42338badf2','2021-10-18 19:49:45','2021-10-18 23:03:17'),(192,'Александр','Ворфоломеев','7(921)9865477','snewlandl@qq.com','dc11b2f62cce006d05e57b961fdbfd7b','2021-10-18 19:49:45','2021-10-18 23:03:17'),(193,'Алексей','Алехин','7(923)9902241','rstredderm@slideshare.net','194fdffdf9fb229d5d73bd9413758cce','2021-10-18 19:49:45','2021-10-18 23:03:17'),(194,'Екатерина','Паршина','7(925)9353283','gpimn@github.com','39224e6fa047026c3ec8a490b3cfe87e','2021-10-18 19:49:45','2021-10-18 23:03:17'),(195,'Наталья','Трубицына','7(924)9592206','lbiniono@examiner.com','15da3a79d362b97aa5f08e51de49c8a4','2021-10-18 19:49:45','2021-10-18 23:03:17'),(196,'Екатерина','Паршина','7(926)9072359','jkreberp@i2i.jp','4492fb147a36ecc157acc30c17964e2a','2021-10-18 19:49:45','2021-10-18 23:03:17'),(197,'Евгения','Кривцова','7(927)9044968','mburnhamsq@baidu.com','2cfc0ab59cea9e994152fe81211bf052','2021-10-18 19:49:45','2021-10-18 23:03:17'),(198,'Анастасия','Бурмистрова','7(925)9203163','wlangtreer@example.com','1ec135abe69bc689ae5311fe6f52a4dd','2021-10-18 19:49:45','2021-10-18 23:03:17'),(199,'Елена','Воронова','7(923)9455373','cburlays@pen.io','5e7a80a35e8412d5e521b15021c03a9a','2021-10-18 19:49:45','2021-10-18 23:03:17'),(200,'Наталья','Заводскова','7(925)9823622','filymanovt@nydailynews.com','9699ac125accb9ded28e2de24d201e29','2021-10-18 19:49:45','2021-10-18 23:03:17'),(201,'Сергей','Воронин','7(921)9550450','ckluliseku@theguardian.com','a5b21089b61c836d08ecfbc6c3adf622','2021-10-18 19:49:45','2021-10-18 23:03:17'),(202,'Юлия','Баранова','7(926)9045945','fpointinv@yale.edu','48257f855cc43a9f3035451af7b631f1','2021-10-18 19:49:45','2021-10-18 23:03:17'),(203,'Марина','Семикоз','7(927)9918905','hsisnerosw@surveymonkey.com','eece20b1af976a9298dac1df53da7f3f','2021-10-18 19:49:45','2021-10-18 23:03:17'),(204,'Андрей','Буланый','7(920)9045690','gbretonx@clickbank.net','66e807018bdfe2bcc92150948bdc692a','2021-10-18 19:49:45','2021-10-18 23:03:17'),(205,'Мария','Тафинцева','7(926)9597955','smcivery@networkadvertising.org','779b0a06c335edd3211cbd086f84a044','2021-10-18 19:49:45','2021-10-18 23:03:17'),(206,'Ольга','Аксененкова','7(920)9949924','cmacnamaraz@arstechnica.com','2efdccbf13b3ab66d80d318b3e3048dd','2021-10-18 19:49:45','2021-10-18 23:03:17'),(207,'Виктория','Лунева','7(920)9666961','mseamer10@uol.com.br','176edf6cc3d24f2ed67a92b371b050b9','2021-10-18 19:49:45','2021-10-18 23:03:17'),(208,'Александр','Федоров','7(923)9122932','mjanew11@tuttocitta.it','d88b48c62168d67d5d9af71b59702498','2021-10-18 19:49:45','2021-10-18 23:03:17'),(209,'Любовь','Корчагина','7(922)9333057','isibbald12@livejournal.com','55f1a79714fa8f2b5bb3427562a8ae02','2021-10-18 19:49:45','2021-10-18 23:03:17'),(210,'Ольга','Щербинина','7(925)9221691','ocuardall13@mashable.com','f48c12c5b191afd4b0bf6e583d1a6c1b','2021-10-18 19:49:45','2021-10-18 23:03:17'),(211,'Александр','Лебедев','7(922)9214612','cwelbourn14@unblog.fr','00e50ad9fef3e0b3e9d01fa08f0d35fc','2021-10-18 19:49:45','2021-10-18 23:03:17'),(212,'Павел','Островерхов','7(922)9082408','mheyball15@wordpress.com','05f3087962f35153427c698fd1b2f196','2021-10-18 19:49:45','2021-10-18 23:03:17'),(213,'Юлия','Гаршина','7(928)9634233','wbirth16@virginia.edu','43c576000aab285838c27d69fea7f9b4','2021-10-18 19:49:45','2021-10-18 23:03:17'),(214,'Юлия','Якушева','7(923)9308751','tpenas17@yahoo.com','6f2bc58d67565794a902f0dad99bb40e','2021-10-18 19:49:45','2021-10-18 23:03:17'),(215,'Александр','Поротиков','7(923)9158168','nwinder18@mail.ru','0b399d1dad97f2e46a0d56d1b4ebd871','2021-10-18 19:49:45','2021-10-18 23:03:17'),(216,'Антон','Гончаров','7(920)9226432','lforsard19@spotify.com','6f28d741fba68b1fab60ffecd7629892','2021-10-18 19:49:45','2021-10-18 23:03:17'),(217,'Юлия','Захарова','7(926)9878681','sfenech1a@multiply.com','84d3316eaac7f02eb4f6f3f6656c2d4f','2021-10-18 19:49:45','2021-10-18 23:03:17'),(218,'Елена','Тарасова','7(925)9657051','jlehrle1b@trellian.com','adceddf2d0bb1ce0ed5cd87dbd22784e','2021-10-18 19:49:45','2021-10-18 23:03:17'),(219,'Татьяна','Белоусова','7(920)9575841','rrowbrey1c@engadget.com','5cc57ee99e3301043f0293f48b6ca625','2021-10-18 19:49:45','2021-10-18 23:03:17'),(220,'Кристина','Комова','7(928)9027519','gboken1d@pbs.org','ba92e991537eb60e217165e23c47d7e9','2021-10-18 19:49:45','2021-10-18 23:03:17'),(221,'Максим','Никитин','7(923)9340283','ebakhrushin1e@nationalgeographic.com','a7c78a65801872988f80623e84d00284','2021-10-18 19:49:45','2021-10-18 23:03:17'),(222,'Оксана','Снегирева','7(923)9217701','rdrugan1f@domainmarket.com','8f6d4e040bc77a6624cbde3733b96972','2021-10-18 19:49:45','2021-10-18 23:03:17'),(223,'Виктория','Руднева','7(928)9073775','ladamec1g@businessweek.com','dac5e432477392530733b0060ef9720c','2021-10-18 19:49:45','2021-10-18 23:03:17'),(224,'Елена','Аржанова','7(920)9442409','sdehooch1h@liveinternet.ru','debf7dc45dfb834c4f44a76259193a80','2021-10-18 19:49:45','2021-10-18 23:03:17'),(225,'Федор','Шипко','7(925)9741791','glammertz1i@go.com','596308b11de9fe32deb3bcd87743f17f','2021-10-18 19:49:45','2021-10-18 23:03:17'),(226,'Юлия','Тамбовцева','7(925)9112340','ghuzzey1j@creativecommons.org','fc9d21ea5f106c591fa61f3c20a5f1f1','2021-10-18 19:49:45','2021-10-18 23:03:17'),(227,'Ольга','Козаренко','7(928)9458336','tcubbini1k@list-manage.com','c3dce41b6601ad3b239775a22f8e9da5','2021-10-18 19:49:45','2021-10-18 23:03:17'),(228,'Наталья','Волкова','7(921)9697318','pdanels1l@studiopress.com','51df6df09b1d6476f7e12919d1d233ea','2021-10-18 19:49:45','2021-10-18 23:03:17'),(229,'Юлия','Лысакова','7(929)9124011','mlarrett1m@china.com.cn','d2acc0eedc407449633e0964746a5836','2021-10-18 19:49:45','2021-10-18 23:03:17'),(230,'Владимир','Почепцов','7(925)9080345','dswancott1n@time.com','7be2e5488611ded84e4c5e1768a2ddd5','2021-10-18 19:49:45','2021-10-18 23:03:17'),(231,'Евгения','Конникова','7(920)9410445','cmorsey1o@purevolume.com','f0e4cb8aab91ff742cd5ec781a840553','2021-10-18 19:49:45','2021-10-18 23:03:17'),(232,'Наталья','Козлитина','7(927)9075348','bkennler1p@reddit.com','5d6d75ffa57e9211af6d1534ad045c9e','2021-10-18 19:49:45','2021-10-18 23:03:17'),(233,'Марат','Назмиев','7(924)9737595','chuckett1q@istockphoto.com','4c77576c0eb7e205ec0628e570d9a8dc','2021-10-18 19:49:45','2021-10-18 23:03:17'),(234,'Дмитрий','Тимашов','7(920)9336164','dhowbrook1r@go.com','a0d97f20218a58b64e8e03059b61e23f','2021-10-18 19:49:45','2021-10-18 23:03:17'),(235,'Александр','Маричев','7(920)9748760','mosiaghail1s@dagondesign.com','301bde4fb4a3230635a075d5a80f49f6','2021-10-18 19:49:45','2021-10-18 23:03:17'),(236,'Дина','Савельева','7(921)9200965','tvanni1t@soundcloud.com','f8d66d4d726a8466dfd7f7dc4c32735b','2021-10-18 19:49:45','2021-10-18 23:03:17'),(237,'Федор','Шипко','7(926)9079484','athickin1u@linkedin.com','6eb093e9151fd117e31103efb050fdf0','2021-10-18 19:49:45','2021-10-18 23:03:17'),(238,'Василий','Безрученко','7(926)9701499','dhaylands1v@list-manage.com','ebe8ee54cd08139d022df2291a7e913e','2021-10-18 19:49:45','2021-10-18 23:03:17'),(239,'Дмитрий','Литаврин','7(926)9613131','gtaplow1w@imgur.com','821f4a633e4b3d483e042d40ceb6d0d0','2021-10-18 19:49:45','2021-10-18 23:03:17'),(240,'Константин','Стародубцев','7(929)9335982','ccatto1x@intel.com','981f743ca20ce5148f56fdc07d6bf670','2021-10-18 19:49:45','2021-10-18 23:03:17'),(241,'Ольга','Кузнецова','7(924)9865481','jselway1y@odnoklassniki.ru','8b80f0c62b8a98a307ff2f5be5d4bed9','2021-10-18 19:49:45','2021-10-18 23:03:17'),(242,'Антон','Борников','7(923)9420295','goflaherty1z@umich.edu','6bfcbe00a01a184ca2f9e229a8f63869','2021-10-18 19:49:45','2021-10-18 23:03:17'),(243,'Роман','Тарарыков','7(927)9196277','bhercules20@ycombinator.com','6f5660b9d8b37a5cd8597ba79cf5bf9e','2021-10-18 19:49:45','2021-10-18 23:03:17'),(244,'Ольга','Ищенко','7(928)9946609','njirzik21@utexas.edu','ef4b0abcff24384f829023e3ccd1ce0c','2021-10-18 19:49:45','2021-10-18 23:03:17'),(245,'Павел','Трунтаев','7(925)9219074','lbradbeer22@pinterest.com','deb9c9bd601ee72688b26db0ea1b31d6','2021-10-18 19:49:45','2021-10-18 23:03:17'),(246,'Марина','Власова','7(921)9642914','vtosney23@lycos.com','1d425235cb8b3a82a306822fa03f7549','2021-10-18 19:49:45','2021-10-18 23:03:17'),(247,'Сергей','Беляев','7(923)9243705','pfairnington24@baidu.com','247558727f774c31f204268beafd65f2','2021-10-18 19:49:45','2021-10-18 23:03:17'),(248,'Татьяна','Морозова','7(926)9844159','jskellion25@about.me','ecb8e5f2c046388db855cd33ef4a71a0','2021-10-18 19:49:45','2021-10-18 23:03:17'),(249,'Татьяна','Нестерова','7(927)9845673','lnealon26@hexun.com','07510be2a960474170f80ef05a457ef3','2021-10-18 19:49:45','2021-10-18 23:03:17'),(250,'Евгений','Волынкин','7(925)9470344','bpresland27@ihg.com','92313a8c2a27f82a372e302068ca38b3','2021-10-18 19:49:45','2021-10-18 23:03:17'),(251,'Надежда','Реукова','7(928)9325483','cemlyn28@wikispaces.com','5b636cf2d86ecd0f103ddc00b1d7f465','2021-10-18 19:49:45','2021-10-18 23:03:17'),(252,'Марина','Лямзина','7(928)9951065','lokinedy29@aboutads.info','f15dcc623d744bfa8dfae74bdcf5a8f8','2021-10-18 19:49:45','2021-10-18 23:03:17'),(253,'Любовь','Карташова','7(928)9140882','ewestgarth2a@home.pl','eb67f9ea56f69eef6223bda809af6d8e','2021-10-18 19:49:45','2021-10-18 23:03:17'),(254,'Алексей','Золототрубов','7(928)9117165','adebell2b@netlog.com','66ef7be9cca61f18e15c5485ed15bb00','2021-10-18 19:49:45','2021-10-18 23:03:17'),(255,'Татьяна','Гуляева','7(927)9958194','cwinchcomb2c@friendfeed.com','26e2f0083f0ae565940cdc91454a18bd','2021-10-18 19:49:45','2021-10-18 23:03:17'),(256,'Юлия','Сысоева','7(929)9151203','yzanardii2d@google.com.au','da35b1a14b143c60b69eaf11779cec01','2021-10-18 19:49:45','2021-10-18 23:03:17'),(257,'Александр','Борисов','7(922)9249109','jpierce2e@ftc.gov','40007011731671df867d4ef63675589e','2021-10-18 19:49:45','2021-10-18 23:03:17'),(258,'Анатолий','Косинов','7(929)9372243','lbottini2f@whitehouse.gov','f05e519c3b5d811d72299db1a6a0f14f','2021-10-18 19:49:45','2021-10-18 23:03:17'),(259,'Ольга','Меланьина','7(922)9830632','wweaben2g@amazon.com','d9fe081b44b7ce0d4f8cca172e06dda3','2021-10-18 19:49:45','2021-10-18 23:03:17'),(260,'Ольга','Дубищева','7(922)9431823','dborrow2h@oaic.gov.au','6c251b0046ef4d6fb0e3e3681d8e1e2e','2021-10-18 19:49:45','2021-10-18 23:03:17'),(261,'Федор','Шипко','7(921)9728939','pcoverdill2i@youtube.com','7f7b3922241afad40d222d581edc8191','2021-10-18 19:49:45','2021-10-18 23:03:17'),(262,'Татьяна','Севостьянова','7(927)9963433','lbaldam2j@qq.com','23d42c8eba7176782cabdd2f404c93e8','2021-10-18 19:49:45','2021-10-18 23:03:17'),(263,'Инна','Красникова','7(928)9744773','rdunstan2k@gmpg.org','693f25aeac106aab0310cd6169ad9312','2021-10-18 19:49:45','2021-10-18 23:03:17'),(264,'Светлана','Гарьковская','7(926)9479780','mmcglade2l@google.de','fc6a86b7cede2822cf4906fbc7de89d3','2021-10-18 19:49:45','2021-10-18 23:03:17'),(265,'Эльза','Самороковская','7(926)9412856','fantal2m@hp.com','b8cf301abd53ebba212879417adcc803','2021-10-18 19:49:45','2021-10-18 23:03:17'),(266,'Елена','Орлова','7(920)9526242','brichings2n@dropbox.com','a5b6dc63558cbd0e53a50a56e75a0e4e','2021-10-18 19:49:45','2021-10-18 23:03:17'),(267,'Галина','Стрельникова','7(922)9282896','lmundy2o@yellowbook.com','0e4156036158d6015c72fdbc26cae832','2021-10-18 19:49:45','2021-10-18 23:03:17'),(268,'Светлана','Назарова','7(929)9638844','aelsom2p@engadget.com','8d0a7aebfafe30e8341bb84e5e94d583','2021-10-18 19:49:45','2021-10-18 23:03:17'),(269,'Антон','Шарыкин','7(920)9591957','sholleran2q@technorati.com','80885cf960f710de228797feed06ad01','2021-10-18 19:49:45','2021-10-18 23:03:17'),(270,'Ирина','Хусаинова','7(927)9497591','jpalfreeman2r@example.com','79c18bed8f8cc9ff4fc28dc8dfe701e9','2021-10-18 19:49:45','2021-10-18 23:03:17'),(271,'Дарья','Иванова','7(922)9126604','jpalfreeman@example.com','9913586f4d750a8b7d0d15ed150273d4','2021-10-18 19:49:45','2021-10-18 23:03:17'),(276,'Виктор','Петренко','7(925)9927157','petrenko@mail.ru','f26c79c061c5054c5706e6a081cfde41','2021-10-18 19:49:45','2021-10-18 23:03:17');
/*!40000 ALTER TABLE `users` ENABLE KEYS */;
UNLOCK TABLES;
/*!40103 SET TIME_ZONE=@OLD_TIME_ZONE */;

/*!40101 SET SQL_MODE=@OLD_SQL_MODE */;
/*!40014 SET FOREIGN_KEY_CHECKS=@OLD_FOREIGN_KEY_CHECKS */;
/*!40014 SET UNIQUE_CHECKS=@OLD_UNIQUE_CHECKS */;
/*!40101 SET CHARACTER_SET_CLIENT=@OLD_CHARACTER_SET_CLIENT */;
/*!40101 SET CHARACTER_SET_RESULTS=@OLD_CHARACTER_SET_RESULTS */;
/*!40101 SET COLLATION_CONNECTION=@OLD_COLLATION_CONNECTION */;
/*!40111 SET SQL_NOTES=@OLD_SQL_NOTES */;

-- Dump completed on 2021-10-18 23:05:06
